image;ppoi;alt;sort_order;product_id
https://optolider.ru/new/img-03-18/solar_space_7in1.jpg;0.5x0.5; ;0;65
https://optolider.ru/new/img-03-18/solar_space_7in1_02.jpg;0.5x0.5; ;1;65
https://optolider.ru/new/img-03-18/solar_space_7in1_03.jpg;0.5x0.5; ;2;65
;0.5x0.5; ;3;65
https://optolider.ru/new/img-03-18/Penguin_life_01.jpg;0.5x0.5;;0;66
https://optolider.ru/new/img-03-18/Penguin_life_02.jpg;0.5x0.5;;1;66
;0.5x0.5;;2;66
;0.5x0.5;;3;66
https://optolider.ru/new/img-03-18/solar_STALLION_3in1.jpg;0.5x0.5;;0;67
;0.5x0.5;;1;67
;0.5x0.5;;2;67
;0.5x0.5;;3;67
https://optolider.ru/new/img-06-18/green_life.jpg;0.5x0.5;;0;68
;0.5x0.5;;1;68
;0.5x0.5;;2;68
;0.5x0.5;;3;68
https://optolider.ru/new/img-06-18/building_361_01.jpg;0.5x0.5;;0;69
https://optolider.ru/new/img-06-18/building_361_02.jpg;0.5x0.5;;1;69
;0.5x0.5;;2;69
;0.5x0.5;;3;69
https://optolider.ru/new/img-06-18/building_444_01.jpg;0.5x0.5;;0;70
;0.5x0.5;;1;70
;0.5x0.5;;2;70
;0.5x0.5;;3;70
https://optolider.ru/new/img-06-18/building_big.jpg;0.5x0.5;;0;71
;0.5x0.5;;1;71
;0.5x0.5;;2;71
;0.5x0.5;;3;71
https://optolider.ru/new/img-06-18/digital_big_01.jpg;0.5x0.5;;0;72
https://optolider.ru/new/img-06-18/digital_big_02.jpg;0.5x0.5;;1;72
;0.5x0.5;;2;72
;0.5x0.5;;3;72
https://optolider.ru/new/img-06-18/digital_small_01.jpg;0.5x0.5;;0;73
https://optolider.ru/new/img-06-18/digital_small_02.jpg;0.5x0.5;;1;73
;0.5x0.5;;2;73
;0.5x0.5;;3;73
https://optolider.ru/new/img-01-18/petla_136_01.jpg;0.5x0.5;;0;74
https://optolider.ru/new/img-03-18/solar_space_7in1.jpg;0.5x0.5;;1;74
https://optolider.ru/new/img-03-18/solar_space_7in1_02.jpg;0.5x0.5;;2;74
https://optolider.ru/new/img-03-18/solar_space_7in1_03.jpg;0.5x0.5;;3;74
;0.5x0.5;;0;75
https://optolider.ru/new/img-03-18/solar_space_7in1.jpg;0.5x0.5;;1;75
https://optolider.ru/new/img-03-18/solar_space_7in1_02.jpg;0.5x0.5;;2;75
https://optolider.ru/new/img-03-18/solar_space_7in1_03.jpg;0.5x0.5;;3;75
https://optolider.ru/images/suckers02.jpg;0.5x0.5;;0;76
https://optolider.ru/images/suckers04.jpg;0.5x0.5;;1;76
;0.5x0.5;;2;76
;0.5x0.5;;3;76
https://optolider.ru/new-img/magic.jpg;0.5x0.5;;0;77
https://optolider.ru/img/IMG-20170626-WA0002.jpg;0.5x0.5;;1;77
;0.5x0.5;;2;77
;0.5x0.5;;3;77
https://optolider.ru/new-img/Magic-Tracks-mashinki 01.jpg;0.5x0.5;;0;78
https://optolider.ru/new-img/Magic-Tracks-mashinki 02.jpg;0.5x0.5;;1;78
https://optolider.ru/new-img/Magic-Tracks-mashinki 03.jpg;0.5x0.5;;2;78
;0.5x0.5;;3;78
https://optolider.ru/new-img/magic 366.jpg;0.5x0.5;;0;79
;0.5x0.5;;1;79
;0.5x0.5;;2;79
;0.5x0.5;;3;79
https://optolider.ru/new-img/dikie shesterni01.jpg;0.5x0.5;;0;80
https://optolider.ru/new-img/dikie shesterni.jpg;0.5x0.5;;1;80
;0.5x0.5;;2;80
;0.5x0.5;;3;80
https://optolider.ru/new-img/light up links.jpg;0.5x0.5;;0;81
;0.5x0.5;;1;81
;0.5x0.5;;2;81
;0.5x0.5;;3;81
https://optolider.ru/images/catalogue/angry_tree_01.jpg;0.5x0.5;;0;82
https://optolider.ru/images/catalogue/angry_tree_02.jpg;0.5x0.5;;1;82
https://optolider.ru/images/catalogue/angry_tree_03.jpg;0.5x0.5;;2;82
;0.5x0.5;;3;82
https://optolider.ru/images/magic trecks 56.jpg;0.5x0.5;;0;83
;0.5x0.5;;1;83
;0.5x0.5;;2;83
;0.5x0.5;;3;83
https://optolider.ru/new-img/free fichter.jpg;0.5x0.5;;0;84
;0.5x0.5;;1;84
;0.5x0.5;;2;84
;0.5x0.5;;3;84
https://optolider.ru/new-img/town police 02.jpg;0.5x0.5;;0;85
https://optolider.ru/new/img-03-18/solar_space_7in1.jpg;0.5x0.5;;1;85
https://optolider.ru/new/img-03-18/solar_space_7in1_02.jpg;0.5x0.5;;2;85
https://optolider.ru/new/img-03-18/solar_space_7in1_03.jpg;0.5x0.5;;3;85
;0.5x0.5;;0;86
https://optolider.ru/new/img-03-18/solar_space_7in1.jpg;0.5x0.5;;1;86
https://optolider.ru/new/img-03-18/solar_space_7in1_02.jpg;0.5x0.5;;2;86
https://optolider.ru/new/img-03-18/solar_space_7in1_03.jpg;0.5x0.5;;3;86
https://optolider.ru/images/catalogue/mw_79073_01.jpg;0.5x0.5;;0;87
https://optolider.ru/images/catalogue/mw_79073_02.jpg;0.5x0.5;;1;87
;0.5x0.5;;2;87
;0.5x0.5;;3;87
https://optolider.ru/images/lele_mw58-60_01.jpg;0.5x0.5;;0;88
;0.5x0.5;;1;88
;0.5x0.5;;2;88
;0.5x0.5;;3;88
https://optolider.ru/new-img/my town 16373.jpg;0.5x0.5;;0;89
;0.5x0.5;;1;89
;0.5x0.5;;2;89
;0.5x0.5;;3;89
https://optolider.ru/new-img/fire fichter 5150.jpg;0.5x0.5;;0;90
;0.5x0.5;;1;90
;0.5x0.5;;2;90
;0.5x0.5;;3;90
https://optolider.ru/new-img/fire ficher 32_det..jpg;0.5x0.5;;0;91
;0.5x0.5;;1;91
;0.5x0.5;;2;91
;0.5x0.5;;3;91
https://optolider.ru/new-img/pocemon 39005.jpg;0.5x0.5;;0;92
;0.5x0.5;;1;92
;0.5x0.5;;2;92
;0.5x0.5;;3;92
https://optolider.ru/new-img/pirat 927ajpg.jpg;0.5x0.5;;0;93
;0.5x0.5;;1;93
;0.5x0.5;;2;93
;0.5x0.5;;3;93
https://optolider.ru/new-img/bela 10392.jpg;0.5x0.5;;0;94
;0.5x0.5;;1;94
;0.5x0.5;;2;94
;0.5x0.5;;3;94
https://optolider.ru/new-img/ninja besstrashnii voin.jpg;0.5x0.5;;0;95
;0.5x0.5;;1;95
;0.5x0.5;;2;95
;0.5x0.5;;3;95
https://optolider.ru/new-img/ninja 33005.jpg;0.5x0.5;;0;96
https://optolider.ru/new/img-03-18/solar_space_7in1.jpg;0.5x0.5;;1;96
https://optolider.ru/new/img-03-18/solar_space_7in1_02.jpg;0.5x0.5;;2;96
https://optolider.ru/new/img-03-18/solar_space_7in1_03.jpg;0.5x0.5;;3;96
;0.5x0.5;;0;97
https://optolider.ru/new/img-03-18/solar_space_7in1.jpg;0.5x0.5;;1;97
https://optolider.ru/new/img-03-18/solar_space_7in1_02.jpg;0.5x0.5;;2;97
https://optolider.ru/new/img-03-18/solar_space_7in1_03.jpg;0.5x0.5;;3;97
https://optolider.ru/new-img/friend 79162.jpg;0.5x0.5;;0;98
;0.5x0.5;;1;98
;0.5x0.5;;2;98
;0.5x0.5;;3;98
https://optolider.ru/new-img/friend 10491.jpg;0.5x0.5;;0;99
;0.5x0.5;;1;99
;0.5x0.5;;2;99
;0.5x0.5;;3;99
https://optolider.ru/new-img/friend 10168.jpg;0.5x0.5;;0;100
;0.5x0.5;;1;100
;0.5x0.5;;2;100
;0.5x0.5;;3;100
https://optolider.ru/new-img/friend 10541 01.jpg;0.5x0.5;;0;101
https://optolider.ru/new-img/friend 10541 02.jpg;0.5x0.5;;1;101
;0.5x0.5;;2;101
;0.5x0.5;;3;101
https://optolider.ru/new-img/Magnet 198 01.jpg;0.5x0.5;;0;102
https://optolider.ru/new-img/Magnet 198 02.jpg;0.5x0.5;;1;102
;0.5x0.5;;2;102
;0.5x0.5;;3;102
https://optolider.ru/new-img/bela 10481.jpg;0.5x0.5;;0;103
;0.5x0.5;;1;103
;0.5x0.5;;2;103
;0.5x0.5;;3;103
https://optolider.ru/new/img-03-18/yNgXxHAeYy8.jpg;0.5x0.5;;0;104
;0.5x0.5;;1;104
;0.5x0.5;;2;104
;0.5x0.5;;3;104
https://optolider.ru/new-img/bela 10250.jpg;0.5x0.5;;0;105
;0.5x0.5;;1;105
;0.5x0.5;;2;105
;0.5x0.5;;3;105
https://optolider.ru/new-img/814.jpg;0.5x0.5;;0;106
;0.5x0.5;;1;106
;0.5x0.5;;2;106
;0.5x0.5;;3;106
https://optolider.ru/new/img-03-18/light_128.png;0.5x0.5;;0;107
https://optolider.ru/new/img-03-18/solar_space_7in1.jpg;0.5x0.5;;1;107
https://optolider.ru/new/img-03-18/solar_space_7in1_02.jpg;0.5x0.5;;2;107
https://optolider.ru/new/img-03-18/solar_space_7in1_03.jpg;0.5x0.5;;3;107
